Name, Friends, Followers
Manoj Mohanty INC(ðŸ¤š),245,20
Abhay,6,0
Mehul,18,0
RAJU YADAV,5,0
Anisha Kirkpatrick,14,0
RAJESH MANDAL,18,0
Yamanoor Nadaf,95,0
Arjun Vinoth,14,0
Pandya Harshit,14,0
J balakrishna,19,0
Manu Kumar Jain,66,0
Rahul Tripathi,6,0
Sawaijain,13,0
Goavicky,29,0
vidya,4,0
Avinash,28,0
Aayushi Agrawal,4,0
Bishnu Mahata,13,0
Shiva__ay,25,1
Chandresh gangani,7,0
Prasenjit Das,307,0
Nitai,24,0
Nikheel Kumar Shreewastava,14,0
Sandeep Gupta,41,2
Subhashree Swain,19,0
Rajesh kumar,19,0
Saad Abid,379,2
Omprakash,4,0
Bhuvanesh,10,0
Balaji,37,0
Dilleswara Rao Karri,22,0
Shanthini Priya,6,0
Shiv Nand Nagla,113,6
arya kanar,21,0
Ayyakkannu,5,0
balaji khandare,15,0
shivamsingh 20,20,0
Milan Krushna Behera,67,12
amiya barik,90,5
Rahul,66,0
mohammad nazir,289,7
harsh rajput,3,0
Soma Sekhar,12,0
Sushant,13,0
Saiteja,17,0
Madhu,26,0
Nithin,58,2
Jadhav Chandrashekhar,10,0
Shahin momand,45,0
Dnyaneshwar Patil,8,0
That_duskygirl_,40,1
Dev,8,0
Ajay Upadhyay,44,0
Vilas Chaure,4,0
Kiara,12,0
mayoor daigavane,51,28
Rathod Ganesh2151,27,0
Mukesh Prajapati,22,0
Sandeep Sekhar Behera,109,0
Nikhil,29,0
Sundaravali,15,0
Hariharan,40,0
Brij Tyagi,60,0
Azad Yadav,129,15
Manjunatha B Rao,68,0
megha patel,16,0
Aman Kumar,17,0
Mukesh Kumar,10,0
Prabhanshu Pathak,15,0
Jeyajeevan DMJJ,4,0
Thamizhazhagan,4,0
Veeresh Kiccha,17,0
Prithwiraj Chauhan,61,0
Parth Solanki,82,0
Rick,17,0
Added,427,26
Yash Thakkar,6,0
Harsha Vardhan,16,0
Sanatan Bramhane,51,1
BINTU KUMAR SHARMA,17,0
Abhishek Faujdar,19,0
santanu kundu,105,0
John Sparrow,20,0
mani kannan,27,0
SHIVANI RATHIYA,10,0
Thakur Rahul,59,0
GODARIYA SUNNY P,7,0
Sahil Bk,16,0
Sagar Deshmukh,19,0
Jatin Kashyap,23,0
Rajesh Kumar Gurjar,17,0
Shardul Singh,14,0
Pappu kumar,67,0
Ajay patel,14,0
Shivam Mishra,7,0
Ankit Gautam,8,0
Darshil patel,7,0
Angkon Roy,22,0
Sachin Kumar,10,0
Harish gundaboyana,14,0
Muralitharan,8,0
Zyan shaikh,24,0
Kunal Diwakar,15,0
Newton_steinfeld,5,0
Kailash R Harsh,42,0
Sandeep Kumar,51,0
Vishal THAKOR,20,0
Harshit Singh,46,0
Om Bharati,31,0
Sarul Pramanik @ SARUL @,12,0
Rakesh Gularia,15,0
Deepak Sharma,110,0
Biren Bala,94,0
Mehfooz alam,33,0
Dayal Jethani,14,0
Abhishek chauhan,35,0
Dr. Prashant Shrivastav,19,0
sumedmankar,38,0
@Ä·aÅ›h BhaÅ•dwÃ£j,28,0
Akash Patel,9,3
Janki Raman Jha,31,0
Teylo431_SA,91,0
Keval Shah,6,0
Deepakvv,51,0
Rachit Tyagi,1310,141
pavankumar,43,3
Nidhi,13,0
hotelanandpalace,6,0
Abhishek Nagraj,8,0
SUBRATA MONDAL,14,0
kirankumar s,44,0
Satyajit,19,0
Suvendu Mohanty,8,0
Bk,42,0
Pallavi Sandesh Pandit,7,0
vasubhai,30,0
Ishan Pathak,26,0
Akshay alhat,8,0
Rupam Jathi,37,0
Ramjeet Mali,11,0
varun das,39,0
Sid,18,0
Sh@rk Yogesh,6,0
Ã„Å™Ã‘Ã£V.14,19,0
Sumit,4,0
Shubham Singh Rajput,25,0
Vineet Kumar,54,2
Anup Singh,18,0
SSC IQ,55,0
ayan mallik,61,0
Gunvant Nakum,30,0
Harish Tomar,11,0
Asmeghwal,14,0
Nukesh Singh,37,1
Tripurari Singh,23,0
Vijay Vijju,83,20
Nareshkumar,18,0
CHHINDERPAL SINGH,21,0
Lokesh Solanki,84,0
Golu Chouhan,64,9
Sandip Pawar,21,0
Hritik Sharma,23,0
Shivankit_agarwal,11,0
Adarsh Patwari,21,0
Mrs Anchal Amit Kumar,72,0
Raj Sharma,214,63
Mr.Lavi,7,0
Chandan,11,0
gagan meshram,33,1
S v prasad,46,0
aman arak,19,0
Ayush pandey,29,0
Sun,51,0
Raj kedar,21,0
ATANU DAS,504,23
Vishal Dahibhate,7,0
Pavankumar,38,0
Goswami Harsh,7,0
Utkarsh More,22,0
Salim Khan,4,0
Varija Brahmabhatla,21,0
Shivraj Singh rajput,8,0
Mahesh Raghuvanshi,40,0
Priyashi,18,0
Mukesh Sahani,36,0
Avinash Poojari,17,0
Akash Raghunath Geeta Patil,49,0
Ravi Prasad,69,4
NAZMA AZIZ KHANOM,37,1
HAMI,8,0
Lokesh,11,0
@itsmenaveenramagiri,17,0
Sagar Chavan,19,0
Vijay gite patil,140,2
Tarkeshwar Sahani,19,0
Adarsh Srivastava,36,0
Aprameya@gmail.com,53,0
Devarshi Patel,14,0
neha,109,0
Prasad Patil,11,0
